test_id,grid_size,n,solver_name,num_vars,result,solving_time_ms
1.1,36x36,6,cplex_mip,46656,SAT,173.3065
1.2,36x36,6,cplex_cp,1296,SAT,103.3917
1.3,36x36,6,ortools_cpsat,1296,SAT,53.9416
1.4,36x36,6,gurobi_mip,46656,SAT,125.4184
2.1,36x36,6,cplex_mip,46656,SAT,88.1782
2.2,36x36,6,cplex_cp,1296,SAT,71.2241
2.3,36x36,6,ortools_cpsat,1296,SAT,32.7595
2.4,36x36,6,gurobi_mip,46656,SAT,102.7761
3.1,36x36,6,cplex_mip,46656,SAT,89.3617
3.2,36x36,6,cplex_cp,1296,SAT,72.4912
3.3,36x36,6,ortools_cpsat,1296,SAT,28.3913
3.4,36x36,6,gurobi_mip,46656,SAT,124.5135
4.1,36x36,6,cplex_mip,46656,SAT,71.0052
4.2,36x36,6,cplex_cp,1296,SAT,58.5258
4.3,36x36,6,ortools_cpsat,1296,SAT,18.8895
4.4,36x36,6,gurobi_mip,46656,SAT,119.9345
5.1,36x36,6,cplex_mip,46656,SAT,64.9285
5.2,36x36,6,cplex_cp,1296,SAT,51.8961
5.3,36x36,6,ortools_cpsat,1296,SAT,27.6207
5.4,36x36,6,gurobi_mip,46656,SAT,76.7291
6.1,36x36,6,cplex_mip,46656,SAT,63.9299
6.2,36x36,6,cplex_cp,1296,SAT,51.5344
6.3,36x36,6,ortools_cpsat,1296,SAT,23.084
6.4,36x36,6,gurobi_mip,46656,SAT,80.3141
7.1,36x36,6,cplex_mip,46656,SAT,68.6889
7.2,36x36,6,cplex_cp,1296,SAT,52.3318
7.3,36x36,6,ortools_cpsat,1296,SAT,19.3166
7.4,36x36,6,gurobi_mip,46656,SAT,77.4197
8.1,36x36,6,cplex_mip,46656,SAT,65.6269
8.2,36x36,6,cplex_cp,1296,SAT,115.4574
8.3,36x36,6,ortools_cpsat,1296,SAT,30.6169
8.4,36x36,6,gurobi_mip,46656,SAT,76.9773
9.1,36x36,6,cplex_mip,46656,SAT,66.962
9.2,36x36,6,cplex_cp,1296,SAT,52.2411
9.3,36x36,6,ortools_cpsat,1296,SAT,26.8646
9.4,36x36,6,gurobi_mip,46656,SAT,74.4305
10.1,36x36,6,cplex_mip,46656,SAT,63.8975
10.2,36x36,6,cplex_cp,1296,SAT,109.9491
10.3,36x36,6,ortools_cpsat,1296,SAT,25.3219
10.4,36x36,6,gurobi_mip,46656,SAT,75.9363
11.1,49x49,7,cplex_mip,117649,SAT,171.5337
11.2,49x49,7,cplex_cp,2401,SAT,82.0863
11.3,49x49,7,ortools_cpsat,2401,SAT,38.1113
11.4,49x49,7,gurobi_mip,117649,SAT,349.5877
12.1,49x49,7,cplex_mip,117649,SAT,194.9129
12.2,49x49,7,cplex_cp,2401,SAT,89.8706
12.3,49x49,7,ortools_cpsat,2401,SAT,35.6114
12.4,49x49,7,gurobi_mip,117649,SAT,236.832
13.1,49x49,7,cplex_mip,117649,SAT,173.3124
13.2,49x49,7,cplex_cp,2401,SAT,82.7202
13.3,49x49,7,ortools_cpsat,2401,SAT,33.049
13.4,49x49,7,gurobi_mip,117649,SAT,243.8119
14.1,49x49,7,cplex_mip,117649,SAT,170.868
14.2,49x49,7,cplex_cp,2401,SAT,75.5467
14.3,49x49,7,ortools_cpsat,2401,SAT,38.8483
14.4,49x49,7,gurobi_mip,117649,SAT,226.9797
15.1,49x49,7,cplex_mip,117649,SAT,207.7862
15.2,49x49,7,cplex_cp,2401,SAT,82.5742
15.3,49x49,7,ortools_cpsat,2401,SAT,41.8654
15.4,49x49,7,gurobi_mip,117649,SAT,253.2033
16.1,49x49,7,cplex_mip,117649,SAT,185.5924
16.2,49x49,7,cplex_cp,2401,SAT,101.6503
16.3,49x49,7,ortools_cpsat,2401,SAT,45.816
16.4,49x49,7,gurobi_mip,117649,SAT,299.2992
17.1,49x49,7,cplex_mip,117649,SAT,162.496
17.2,49x49,7,cplex_cp,2401,SAT,77.0529
17.3,49x49,7,ortools_cpsat,2401,SAT,32.5905
17.4,49x49,7,gurobi_mip,117649,SAT,209.8312
18.1,49x49,7,cplex_mip,117649,SAT,164.3577
18.2,49x49,7,cplex_cp,2401,SAT,89.646
18.3,49x49,7,ortools_cpsat,2401,SAT,32.821
18.4,49x49,7,gurobi_mip,117649,SAT,210.2014
19.1,49x49,7,cplex_mip,117649,SAT,162.1946
19.2,49x49,7,cplex_cp,2401,SAT,76.3193
19.3,49x49,7,ortools_cpsat,2401,SAT,31.1405
19.4,49x49,7,gurobi_mip,117649,SAT,422.0959
20.1,49x49,7,cplex_mip,117649,SAT,162.9414
20.2,49x49,7,cplex_cp,2401,SAT,75.5943
20.3,49x49,7,ortools_cpsat,2401,SAT,38.3926
20.4,49x49,7,gurobi_mip,117649,SAT,289.2309
21.1,64x64,8,cplex_mip,262144,SAT,366.3531
21.2,64x64,8,cplex_cp,4096,SAT,114.4499
21.3,64x64,8,ortools_cpsat,4096,SAT,48.6722
21.4,64x64,8,gurobi_mip,262144,SAT,663.0458
22.1,64x64,8,cplex_mip,262144,SAT,364.9901
22.2,64x64,8,cplex_cp,4096,SAT,539.8015
22.3,64x64,8,ortools_cpsat,4096,SAT,51.6439
22.4,64x64,8,gurobi_mip,262144,SAT,885.9059
23.1,64x64,8,cplex_mip,262144,SAT,362.0709
23.2,64x64,8,cplex_cp,4096,SAT,114.4577
23.3,64x64,8,ortools_cpsat,4096,SAT,46.6224
23.4,64x64,8,gurobi_mip,262144,SAT,669.0107
24.1,64x64,8,cplex_mip,262144,SAT,360.4974
24.2,64x64,8,cplex_cp,4096,SAT,120.741
24.3,64x64,8,ortools_cpsat,4096,SAT,42.2492
24.4,64x64,8,gurobi_mip,262144,SAT,615.4261
25.1,64x64,8,cplex_mip,262144,SAT,363.2017
25.2,64x64,8,cplex_cp,4096,SAT,112.951
25.3,64x64,8,ortools_cpsat,4096,SAT,43.3138
25.4,64x64,8,gurobi_mip,262144,SAT,600.7354
26.1,64x64,8,cplex_mip,262144,SAT,364.6529
26.2,64x64,8,cplex_cp,4096,SAT,114.6554
26.3,64x64,8,ortools_cpsat,4096,SAT,55.8292
26.4,64x64,8,gurobi_mip,262144,SAT,647.856
27.1,64x64,8,cplex_mip,262144,SAT,361.8766
27.2,64x64,8,cplex_cp,4096,SAT,113.398
27.3,64x64,8,ortools_cpsat,4096,SAT,47.2808
27.4,64x64,8,gurobi_mip,262144,SAT,616.2674
28.1,64x64,8,cplex_mip,262144,SAT,360.5845
28.2,64x64,8,cplex_cp,4096,SAT,113.3064
28.3,64x64,8,ortools_cpsat,4096,SAT,42.6764
28.4,64x64,8,gurobi_mip,262144,SAT,613.2971
29.1,64x64,8,cplex_mip,262144,SAT,482.4892
29.2,64x64,8,cplex_cp,4096,SAT,130.1472
29.3,64x64,8,ortools_cpsat,4096,SAT,46.9139
29.4,64x64,8,gurobi_mip,262144,SAT,659.6833
30.1,64x64,8,cplex_mip,262144,SAT,369.2646
30.2,64x64,8,cplex_cp,4096,SAT,566.3842
30.3,64x64,8,ortools_cpsat,4096,SAT,46.1233
30.4,64x64,8,gurobi_mip,262144,SAT,599.6919
