test_id,grid_size,n,amo_scheme,solver_name,num_vars,num_aux_vars,num_clauses,result,solving_time_ms
1.1,36x36,6,product,cadical195,46656,62208,534733,SAT,7.6006
1.1,36x36,6,product,minisat22,46656,62208,534733,SAT,19.5118
2.1,36x36,6,product,cadical195,46656,62208,534765,SAT,7.5554
2.1,36x36,6,product,minisat22,46656,62208,534765,SAT,21.7244
3.1,36x36,6,product,cadical195,46656,62208,534735,SAT,9.3506
3.1,36x36,6,product,minisat22,46656,62208,534735,SAT,15.8632
4.1,36x36,6,product,cadical195,46656,62208,534747,SAT,18.1271
4.1,36x36,6,product,minisat22,46656,62208,534747,SAT,18.8342
5.1,36x36,6,product,cadical195,46656,62208,534742,SAT,9.5851
5.1,36x36,6,product,minisat22,46656,62208,534742,SAT,23.5516
6.1,36x36,6,product,cadical195,46656,62208,534752,SAT,6.5189
6.1,36x36,6,product,minisat22,46656,62208,534752,SAT,17.929
7.1,36x36,6,product,cadical195,46656,62208,534746,SAT,6.8152
7.1,36x36,6,product,minisat22,46656,62208,534746,SAT,19.5368
8.1,36x36,6,product,cadical195,46656,62208,534732,SAT,6.5151
8.1,36x36,6,product,minisat22,46656,62208,534732,SAT,14.6087
9.1,36x36,6,product,cadical195,46656,62208,534761,SAT,6.8359
9.1,36x36,6,product,minisat22,46656,62208,534761,SAT,15.0039
10.1,36x36,6,product,cadical195,46656,62208,534752,SAT,9.7899
10.1,36x36,6,product,minisat22,46656,62208,534752,SAT,15.3895
11.1,49x49,7,product,cadical195,117649,134456,1355719,SAT,14.9215
11.1,49x49,7,product,minisat22,117649,134456,1355719,SAT,39.3414
12.1,49x49,7,product,cadical195,117649,134456,1355702,SAT,14.6689
12.1,49x49,7,product,minisat22,117649,134456,1355702,SAT,39.8263
13.1,49x49,7,product,cadical195,117649,134456,1355702,SAT,14.5675
13.1,49x49,7,product,minisat22,117649,134456,1355702,SAT,39.6076
14.1,49x49,7,product,cadical195,117649,134456,1355755,SAT,14.4071
14.1,49x49,7,product,minisat22,117649,134456,1355755,SAT,39.8221
15.1,49x49,7,product,cadical195,117649,134456,1355733,SAT,14.4657
15.1,49x49,7,product,minisat22,117649,134456,1355733,SAT,39.658
16.1,49x49,7,product,cadical195,117649,134456,1355717,SAT,15.0281
16.1,49x49,7,product,minisat22,117649,134456,1355717,SAT,43.5179
17.1,49x49,7,product,cadical195,117649,134456,1355730,SAT,15.6464
17.1,49x49,7,product,minisat22,117649,134456,1355730,SAT,39.9409
18.1,49x49,7,product,cadical195,117649,134456,1355741,SAT,14.578
18.1,49x49,7,product,minisat22,117649,134456,1355741,SAT,38.0348
19.1,49x49,7,product,cadical195,117649,134456,1355732,SAT,15.2849
19.1,49x49,7,product,minisat22,117649,134456,1355732,SAT,38.7406
20.1,49x49,7,product,cadical195,117649,134456,1355739,SAT,22.1936
20.1,49x49,7,product,minisat22,117649,134456,1355739,SAT,40.9455
21.1,64x64,8,product,cadical195,262144,262144,3033842,SAT,49.7662
21.1,64x64,8,product,minisat22,262144,262144,3033842,SAT,96.1021
22.1,64x64,8,product,cadical195,262144,262144,3033850,SAT,48.9987
22.1,64x64,8,product,minisat22,262144,262144,3033850,SAT,83.2168
23.1,64x64,8,product,cadical195,262144,262144,3033849,SAT,31.3504
23.1,64x64,8,product,minisat22,262144,262144,3033849,SAT,85.8338
24.1,64x64,8,product,cadical195,262144,262144,3033861,SAT,31.0073
24.1,64x64,8,product,minisat22,262144,262144,3033861,SAT,81.4779
25.1,64x64,8,product,cadical195,262144,262144,3033819,SAT,30.9777
25.1,64x64,8,product,minisat22,262144,262144,3033819,SAT,83.5762
26.1,64x64,8,product,cadical195,262144,262144,3033833,SAT,30.977
26.1,64x64,8,product,minisat22,262144,262144,3033833,SAT,84.421
27.1,64x64,8,product,cadical195,262144,262144,3033846,SAT,31.2112
27.1,64x64,8,product,minisat22,262144,262144,3033846,SAT,80.6345
28.1,64x64,8,product,cadical195,262144,262144,3033862,SAT,38.3278
28.1,64x64,8,product,minisat22,262144,262144,3033862,SAT,89.612
29.1,64x64,8,product,cadical195,262144,262144,3033826,SAT,31.6036
29.1,64x64,8,product,minisat22,262144,262144,3033826,SAT,150.312
30.1,64x64,8,product,cadical195,262144,262144,3033853,SAT,32.2458
30.1,64x64,8,product,minisat22,262144,262144,3033853,SAT,85.7292
